[
  {
    "user_input_genelist": "ABHD17A",
    "idmap": [
      {
        "ensembl_id": "ENSG00000129968",
        "entrez_id": "81926",
        "hgnc_id": "HGNC:28756",
        "hgnc_name": "abhydrolase domain containing 17A, depalmitoylase",
        "hgnc_symbol": "ABHD17A",
        "hgnc_synonyms": [
          "MGC5244",
          "C19ORF27",
          "FAM108A1"
        ],
        "user_input_genelist": [
          "ABHD17A"
        ]
      }
    ]
  },
  {
    "user_input_genelist": "ABHD17B",
    "idmap": [
      {
        "ensembl_id": "ENSG00000107362",
        "entrez_id": "51104",
        "hgnc_id": "HGNC:24278",
        "hgnc_name": "abhydrolase domain containing 17B, depalmitoylase",
        "hgnc_symbol": "ABHD17B",
        "hgnc_synonyms": [
          "CGI-67",
          "C9ORF77",
          "FAM108B1"
        ],
        "user_input_genelist": [
          "ABHD17B"
        ]
      }
    ]
  },
  {
    "user_input_genelist": "ABHD6",
    "idmap": [
      {
        "ensembl_id": "ENSG00000163686",
        "entrez_id": "57406",
        "hgnc_id": "HGNC:21398",
        "hgnc_name": "abhydrolase domain containing 6, acylglycerol lipase",
        "hgnc_symbol": "ABHD6",
        "hgnc_synonyms": [],
        "user_input_genelist": [
          "ABHD6"
        ]
      }
    ]
  },
  {
    "user_input_genelist": "ACHE",
    "idmap": [
      {
        "ensembl_id": "ENSG00000087085",
        "entrez_id": "43",
        "hgnc_id": "HGNC:108",
        "hgnc_name": "acetylcholinesterase (Cartwright blood group)",
        "hgnc_symbol": "ACHE",
        "hgnc_synonyms": [
          "YT"
        ],
        "user_input_genelist": [
          "ACHE"
        ]
      }
    ]
  },
  {
    "user_input_genelist": "ADAM22",
    "idmap": [
      {
        "ensembl_id": "ENSG00000008277",
        "entrez_id": "53616",
        "hgnc_id": "HGNC:201",
        "hgnc_name": "ADAM metallopeptidase domain 22",
        "hgnc_symbol": "ADAM22",
        "hgnc_synonyms": [
          "MDC2"
        ],
        "user_input_genelist": [
          "ADAM22"
        ]
      }
    ]
  },
  {
    "user_input_genelist": "ADAM23",
    "idmap": [
      {
        "ensembl_id": "ENSG00000114948",
        "entrez_id": "8745",
        "hgnc_id": "HGNC:202",
        "hgnc_name": "ADAM metallopeptidase domain 23",
        "hgnc_symbol": "ADAM23",
        "hgnc_synonyms": [
          "MDC3"
        ],
        "user_input_genelist": [
          "ADAM23"
        ]
      }
    ]
  },
  {
    "user_input_genelist": "ADCY2",
    "idmap": []
  },
  {
    "user_input_genelist": "ADCY3",
    "idmap": [
      {
        "ensembl_id": "ENSG00000155897",
        "entrez_id": "114",
        "hgnc_id": "HGNC:239",
        "hgnc_name": "adenylate cyclase 8",
        "hgnc_symbol": "ADCY8",
        "hgnc_synonyms": [
          "HBAC1",
          "AC8",
          "ADCY3"
        ],
        "user_input_genelist": [
          "ADCY3",
          "ADCY8"
        ]
      }
    ]
  },
  {
    "user_input_genelist": "ADCY5",
    "idmap": []
  },
  {
    "user_input_genelist": "ADCY7",
    "idmap": []
  },
  {
    "user_input_genelist": "ADCY8",
    "idmap": [
      {
        "ensembl_id": "ENSG00000155897",
        "entrez_id": "114",
        "hgnc_id": "HGNC:239",
        "hgnc_name": "adenylate cyclase 8",
        "hgnc_symbol": "ADCY8",
        "hgnc_synonyms": [
          "HBAC1",
          "AC8",
          "ADCY3"
        ],
        "user_input_genelist": [
          "ADCY3",
          "ADCY8"
        ]
      }
    ]
  },
  {
    "user_input_genelist": "ADGRG1",
    "idmap": []
  },
  {
    "user_input_genelist": "ADGRL1",
    "idmap": [
      {
        "ensembl_id": "ENSG00000072071",
        "entrez_id": "22859",
        "hgnc_id": "HGNC:20973",
        "hgnc_name": "adhesion G protein-coupled receptor L1",
        "hgnc_symbol": "ADGRL1",
        "hgnc_synonyms": [
          "KIAA0821",
          "CIRL1",
          "LEC2",
          "LPHN1"
        ],
        "user_input_genelist": [
          "ADGRL1"
        ]
      }
    ]
  },
  {
    "user_input_genelist": "ADORA1",
    "idmap": [
      {
        "ensembl_id": "ENSG00000163485",
        "entrez_id": "134",
        "hgnc_id": "HGNC:262",
        "hgnc_name": "adenosine A1 receptor",
        "hgnc_symbol": "ADORA1",
        "hgnc_synonyms": [
          "RDC7"
        ],
        "user_input_genelist": [
          "ADORA1"
        ]
      }
    ]
  },
  {
    "user_input_genelist": "ADRA1A",
    "idmap": [
      {
        "ensembl_id": "ENSG00000120907",
        "entrez_id": "148",
        "hgnc_id": "HGNC:277",
        "hgnc_name": "adrenoceptor alpha 1A",
        "hgnc_symbol": "ADRA1A",
        "hgnc_synonyms": [
          "ADRA1L1",
          "ADRA1C"
        ],
        "user_input_genelist": [
          "ADRA1A"
        ]
      }
    ]
  },
  {
    "user_input_genelist": "AGRN",
    "idmap": [
      {
        "ensembl_id": "ENSG00000188157",
        "entrez_id": "375790",
        "hgnc_id": "HGNC:329",
        "hgnc_name": "agrin",
        "hgnc_symbol": "AGRN",
        "hgnc_synonyms": [
          "AGRIN"
        ],
        "user_input_genelist": [
          "AGRN"
        ]
      }
    ]
  },
  {
    "user_input_genelist": "AKAP9",
    "idmap": [
      {
        "ensembl_id": "ENSG00000127914",
        "entrez_id": "10142",
        "hgnc_id": "HGNC:379",
        "hgnc_name": "A-kinase anchoring protein 9",
        "hgnc_symbol": "AKAP9",
        "hgnc_synonyms": [
          "KIAA0803",
          "AKAP350",
          "AKAP450",
          "CG-NAP",
          "YOTIAO",
          "HYPERION",
          "PRKA9",
          "MU-RMS-40.16A",
          "PPP1R45",
          "LQT11"
        ],
        "user_input_genelist": [
          "AKAP9"
        ]
      }
    ]
  },
  {
    "user_input_genelist": "ALDH4A1",
    "idmap": []
  },
  {
    "user_input_genelist": "ALG11",
    "idmap": []
  },
  {
    "user_input_genelist": "ALG3",
    "idmap": []
  },
  {
    "user_input_genelist": "ANK2",
    "idmap": []
  },
  {
    "user_input_genelist": "ANK3",
    "idmap": []
  },
  {
    "user_input_genelist": "AP2A2",
    "idmap": []
  },
  {
    "user_input_genelist": "APBA1",
    "idmap": [
      {
        "ensembl_id": "ENSG00000107282",
        "entrez_id": "320",
        "hgnc_id": "HGNC:578",
        "hgnc_name": "amyloid beta precursor protein binding family A member 1",
        "hgnc_symbol": "APBA1",
        "hgnc_synonyms": [
          "D9S411E",
          "X11",
          "MINT1"
        ],
        "user_input_genelist": [
          "APBA1"
        ]
      }
    ]
  },
  {
    "user_input_genelist": "ARFGEF2",
    "idmap": [
      {
        "ensembl_id": "ENSG00000124198",
        "entrez_id": "10564",
        "hgnc_id": "HGNC:15853",
        "hgnc_name": "ADP ribosylation factor guanine nucleotide exchange factor 2",
        "hgnc_symbol": "ARFGEF2",
        "hgnc_synonyms": [
          "BIG2"
        ],
        "user_input_genelist": [
          "ARFGEF2"
        ]
      }
    ]
  },
  {
    "user_input_genelist": "ARV1",
    "idmap": []
  },
  {
    "user_input_genelist": "ATP2B1",
    "idmap": [
      {
        "ensembl_id": "ENSG00000070961",
        "entrez_id": "490",
        "hgnc_id": "HGNC:814",
        "hgnc_name": "ATPase plasma membrane Ca2+ transporting 1",
        "hgnc_symbol": "ATP2B1",
        "hgnc_synonyms": [
          "PMCA1"
        ],
        "user_input_genelist": [
          "ATP2B1"
        ]
      }
    ]
  },
  {
    "user_input_genelist": "ATP2B2",
    "idmap": [
      {
        "ensembl_id": "ENSG00000157087",
        "entrez_id": "491",
        "hgnc_id": "HGNC:815",
        "hgnc_name": "ATPase plasma membrane Ca2+ transporting 2",
        "hgnc_symbol": "ATP2B2",
        "hgnc_synonyms": [
          "PMCA2"
        ],
        "user_input_genelist": [
          "ATP2B2"
        ]
      }
    ]
  },
  {
    "user_input_genelist": "ATP2B4",
    "idmap": [
      {
        "ensembl_id": "ENSG00000058668",
        "entrez_id": "493",
        "hgnc_id": "HGNC:817",
        "hgnc_name": "ATPase plasma membrane Ca2+ transporting 4",
        "hgnc_symbol": "ATP2B4",
        "hgnc_synonyms": [
          "PMCA4",
          "ATP2B2",
          "MXRA1"
        ],
        "user_input_genelist": [
          "ATP2B4"
        ]
      }
    ]
  },
  {
    "user_input_genelist": "ATP6V1A",
    "idmap": [
      {
        "ensembl_id": "ENSG00000114573",
        "entrez_id": "523",
        "hgnc_id": "HGNC:851",
        "hgnc_name": "ATPase H+ transporting V1 subunit A",
        "hgnc_symbol": "ATP6V1A",
        "hgnc_synonyms": [
          "VMA1",
          "VA68",
          "VPP2",
          "ATP6A1",
          "ATP6V1A1"
        ],
        "user_input_genelist": [
          "ATP6V1A"
        ]
      }
    ]
  },
  {
    "user_input_genelist": "ATXN10",
    "idmap": []
  },
  {
    "user_input_genelist": "BEGAIN",
    "idmap": [
      {
        "ensembl_id": "ENSG00000183092",
        "entrez_id": "57596",
        "hgnc_id": "HGNC:24163",
        "hgnc_name": "brain enriched guanylate kinase associated",
        "hgnc_symbol": "BEGAIN",
        "hgnc_synonyms": [
          "KIAA1446"
        ],
        "user_input_genelist": [
          "BEGAIN"
        ]
      }
    ]
  },
  {
    "user_input_genelist": "CACNA1D",
    "idmap": [
      {
        "ensembl_id": "ENSG00000157388",
        "entrez_id": "776",
        "hgnc_id": "HGNC:1391",
        "hgnc_name": "calcium voltage-gated channel subunit alpha1 D",
        "hgnc_symbol": "CACNA1D",
        "hgnc_synonyms": [
          "CAV1.3",
          "CACH3",
          "CACN4",
          "CCHL1A2",
          "CACNL1A2"
        ],
        "user_input_genelist": [
          "CACNA1D"
        ]
      }
    ]
  },
  {
    "user_input_genelist": "CACNA1H",
    "idmap": [
      {
        "ensembl_id": "ENSG00000196557",
        "entrez_id": "8912",
        "hgnc_id": "HGNC:1395",
        "hgnc_name": "calcium voltage-gated channel subunit alpha1 H",
        "hgnc_symbol": "CACNA1H",
        "hgnc_synonyms": [
          "CAV3.2"
        ],
        "user_input_genelist": [
          "CACNA1H"
        ]
      }
    ]
  },
  {
    "user_input_genelist": "CACNA2D3",
    "idmap": []
  },
  {
    "user_input_genelist": "CACNB2",
    "idmap": [
      {
        "ensembl_id": "ENSG00000165995",
        "entrez_id": "783",
        "hgnc_id": "HGNC:1402",
        "hgnc_name": "calcium voltage-gated channel auxiliary subunit beta 2",
        "hgnc_symbol": "CACNB2",
        "hgnc_synonyms": [
          "MYSB",
          "CACNLB2"
        ],
        "user_input_genelist": [
          "CACNB2"
        ]
      }
    ]
  },
  {
    "user_input_genelist": "CACNB4",
    "idmap": [
      {
        "ensembl_id": "ENSG00000182389",
        "entrez_id": "785",
        "hgnc_id": "HGNC:1404",
        "hgnc_name": "calcium voltage-gated channel auxiliary subunit beta 4",
        "hgnc_symbol": "CACNB4",
        "hgnc_synonyms": [
          "EJM4"
        ],
        "user_input_genelist": [
          "CACNB4"
        ]
      }
    ]
  },
  {
    "user_input_genelist": "CACNG5",
    "idmap": [
      {
        "ensembl_id": "ENSG00000075429",
        "entrez_id": "27091",
        "hgnc_id": "HGNC:1409",
        "hgnc_name": "calcium voltage-gated channel auxiliary subunit gamma 5",
        "hgnc_symbol": "CACNG5",
        "hgnc_synonyms": [],
        "user_input_genelist": [
          "CACNG5"
        ]
      }
    ]
  },
  {
    "user_input_genelist": "CAMK2D",
    "idmap": []
  },
  {
    "user_input_genelist": "CAMK2G",
    "idmap": []
  },
  {
    "user_input_genelist": "CAMK4",
    "idmap": [
      {
        "ensembl_id": "ENSG00000152495",
        "entrez_id": "814",
        "hgnc_id": "HGNC:1464",
        "hgnc_name": "calcium/calmodulin dependent protein kinase IV",
        "hgnc_symbol": "CAMK4",
        "hgnc_synonyms": [
          "CAMK-GR",
          "CAMKIV"
        ],
        "user_input_genelist": [
          "CAMK4"
        ]
      }
    ]
  },
  {
    "user_input_genelist": "CAMKK2",
    "idmap": []
  },
  {
    "user_input_genelist": "CANX",
    "idmap": [
      {
        "ensembl_id": "ENSG00000127022",
        "entrez_id": "821",
        "hgnc_id": "HGNC:1473",
        "hgnc_name": "calnexin",
        "hgnc_symbol": "CANX",
        "hgnc_synonyms": [
          "CNX",
          "IP90",
          "P90"
        ],
        "user_input_genelist": [
          "CANX"
        ]
      }
    ]
  },
  {
    "user_input_genelist": "CC2D1A",
    "idmap": []
  },
  {
    "user_input_genelist": "CCDC88A",
    "idmap": []
  },
  {
    "user_input_genelist": "CDH10",
    "idmap": [
      {
        "ensembl_id": "ENSG00000040731",
        "entrez_id": "1008",
        "hgnc_id": "HGNC:1749",
        "hgnc_name": "cadherin 10",
        "hgnc_symbol": "CDH10",
        "hgnc_synonyms": [],
        "user_input_genelist": [
          "CDH10"
        ]
      }
    ]
  },
  {
    "user_input_genelist": "CDH2",
    "idmap": [
      {
        "ensembl_id": "ENSG00000170558",
        "entrez_id": "1000",
        "hgnc_id": "HGNC:1759",
        "hgnc_name": "cadherin 2",
        "hgnc_symbol": "CDH2",
        "hgnc_synonyms": [
          "CDHN",
          "CD325",
          "NCAD"
        ],
        "user_input_genelist": [
          "CDH2"
        ]
      }
    ]
  },
  {
    "user_input_genelist": "CDH8",
    "idmap": [
      {
        "ensembl_id": "ENSG00000150394",
        "entrez_id": "1006",
        "hgnc_id": "HGNC:1767",
        "hgnc_name": "cadherin 8",
        "hgnc_symbol": "CDH8",
        "hgnc_synonyms": [],
        "user_input_genelist": [
          "CDH8"
        ]
      }
    ]
  },
  {
    "user_input_genelist": "CDK19",
    "idmap": []
  },
  {
    "user_input_genelist": "CELF2",
    "idmap": []
  },
  {
    "user_input_genelist": "CHRM3",
    "idmap": [
      {
        "ensembl_id": "ENSG00000133019",
        "entrez_id": "1131",
        "hgnc_id": "HGNC:1952",
        "hgnc_name": "cholinergic receptor muscarinic 3",
        "hgnc_symbol": "CHRM3",
        "hgnc_synonyms": [],
        "user_input_genelist": [
          "CHRM3"
        ]
      }
    ]
  },
  {
    "user_input_genelist": "CHRNA4",
    "idmap": [
      {
        "ensembl_id": "ENSG00000101204",
        "entrez_id": "1137",
        "hgnc_id": "HGNC:1958",
        "hgnc_name": "cholinergic receptor nicotinic alpha 4 subunit",
        "hgnc_symbol": "CHRNA4",
        "hgnc_synonyms": [
          "BFNC",
          "EBN",
          "EBN1"
        ],
        "user_input_genelist": [
          "CHRNA4"
        ]
      }
    ]
  },
  {
    "user_input_genelist": "CHRNB2",
    "idmap": [
      {
        "ensembl_id": "ENSG00000160716",
        "entrez_id": "1141",
        "hgnc_id": "HGNC:1962",
        "hgnc_name": "cholinergic receptor nicotinic beta 2 subunit",
        "hgnc_symbol": "CHRNB2",
        "hgnc_synonyms": [],
        "user_input_genelist": [
          "CHRNB2"
        ]
      }
    ]
  },
  {
    "user_input_genelist": "CHRNB4",
    "idmap": [
      {
        "ensembl_id": "ENSG00000117971",
        "entrez_id": "1143",
        "hgnc_id": "HGNC:1964",
        "hgnc_name": "cholinergic receptor nicotinic beta 4 subunit",
        "hgnc_symbol": "CHRNB4",
        "hgnc_synonyms": [],
        "user_input_genelist": [
          "CHRNB4"
        ]
      }
    ]
  },
  {
    "user_input_genelist": "CLTA",
    "idmap": [
      {
        "ensembl_id": "ENSG00000122705",
        "entrez_id": "1211",
        "hgnc_id": "HGNC:2090",
        "hgnc_name": "clathrin light chain A",
        "hgnc_symbol": "CLTA",
        "hgnc_synonyms": [
          "LCA"
        ],
        "user_input_genelist": [
          "CLTA"
        ]
      }
    ]
  },
  {
    "user_input_genelist": "CLTC",
    "idmap": [
      {
        "ensembl_id": "ENSG00000141367",
        "entrez_id": "1213",
        "hgnc_id": "HGNC:2092",
        "hgnc_name": "clathrin heavy chain",
        "hgnc_symbol": "CLTC",
        "hgnc_synonyms": [
          "HC",
          "CLTCL2"
        ],
        "user_input_genelist": [
          "CLTC"
        ]
      }
    ]
  },
  {
    "user_input_genelist": "CNKSR2",
    "idmap": [
      {
        "ensembl_id": "ENSG00000149970",
        "entrez_id": "22866",
        "hgnc_id": "HGNC:19701",
        "hgnc_name": "connector enhancer of kinase suppressor of Ras 2",
        "hgnc_symbol": "CNKSR2",
        "hgnc_synonyms": [
          "KIAA0902",
          "CNK2",
          "KSR2"
        ],
        "user_input_genelist": [
          "CNKSR2"
        ]
      }
    ]
  },
  {
    "user_input_genelist": "CNPY3",
    "idmap": []
  },
  {
    "user_input_genelist": "CNTN1",
    "idmap": [
      {
        "ensembl_id": "ENSG00000018236",
        "entrez_id": "1272",
        "hgnc_id": "HGNC:2171",
        "hgnc_name": "contactin 1",
        "hgnc_symbol": "CNTN1",
        "hgnc_synonyms": [
          "F3",
          "GP135"
        ],
        "user_input_genelist": [
          "CNTN1"
        ]
      }
    ]
  },
  {
    "user_input_genelist": "CPA6",
    "idmap": []
  },
  {
    "user_input_genelist": "CRKL",
    "idmap": [
      {
        "ensembl_id": "ENSG00000099942",
        "entrez_id": "1399",
        "hgnc_id": "HGNC:2363",
        "hgnc_name": "CRK like proto-oncogene, adaptor protein",
        "hgnc_symbol": "CRKL",
        "hgnc_synonyms": [],
        "user_input_genelist": [
          "CRKL"
        ]
      }
    ]
  },
  {
    "user_input_genelist": "CUL3",
    "idmap": [
      {
        "ensembl_id": "ENSG00000036257",
        "entrez_id": "8452",
        "hgnc_id": "HGNC:2553",
        "hgnc_name": "cullin 3",
        "hgnc_symbol": "CUL3",
        "hgnc_synonyms": [],
        "user_input_genelist": [
          "CUL3"
        ]
      }
    ]
  },
  {
    "user_input_genelist": "DCC",
    "idmap": [
      {
        "ensembl_id": "ENSG00000187323",
        "entrez_id": "1630",
        "hgnc_id": "HGNC:2701",
        "hgnc_name": "DCC netrin 1 receptor",
        "hgnc_symbol": "DCC",
        "hgnc_synonyms": [
          "IGDCC1",
          "NTN1R1"
        ],
        "user_input_genelist": [
          "DCC"
        ]
      }
    ]
  },
  {
    "user_input_genelist": "DCX",
    "idmap": []
  },
  {
    "user_input_genelist": "DEPDC5",
    "idmap": []
  },
  {
    "user_input_genelist": "DGKB",
    "idmap": [
      {
        "ensembl_id": "ENSG00000136267",
        "entrez_id": "1607",
        "hgnc_id": "HGNC:2850",
        "hgnc_name": "diacylglycerol kinase beta",
        "hgnc_symbol": "DGKB",
        "hgnc_synonyms": [
          "KIAA0718",
          "DGK",
          "DGK-BETA",
          "DAGK2"
        ],
        "user_input_genelist": [
          "DGKB"
        ]
      }
    ]
  },
  {
    "user_input_genelist": "DGKI",
    "idmap": [
      {
        "ensembl_id": "ENSG00000157680",
        "entrez_id": "9162",
        "hgnc_id": "HGNC:2855",
        "hgnc_name": "diacylglycerol kinase iota",
        "hgnc_symbol": "DGKI",
        "hgnc_synonyms": [
          "DGK-IOTA"
        ],
        "user_input_genelist": [
          "DGKI"
        ]
      }
    ]
  },
  {
    "user_input_genelist": "DHDDS",
    "idmap": []
  },
  {
    "user_input_genelist": "DLGAP1",
    "idmap": [
      {
        "ensembl_id": "ENSG00000170579",
        "entrez_id": "9229",
        "hgnc_id": "HGNC:2905",
        "hgnc_name": "DLG associated protein 1",
        "hgnc_symbol": "DLGAP1",
        "hgnc_synonyms": [
          "GKAP",
          "SAPAP1",
          "DAP-1"
        ],
        "user_input_genelist": [
          "DLGAP1"
        ]
      }
    ]
  },
  {
    "user_input_genelist": "DMXL2",
    "idmap": [
      {
        "ensembl_id": "ENSG00000104093",
        "entrez_id": "23312",
        "hgnc_id": "HGNC:2938",
        "hgnc_name": "Dmx like 2",
        "hgnc_symbol": "DMXL2",
        "hgnc_synonyms": [
          "RC3",
          "KIAA0856",
          "DFNA71"
        ],
        "user_input_genelist": [
          "DMXL2"
        ]
      }
    ]
  },
  {
    "user_input_genelist": "DNM1",
    "idmap": [
      {
        "ensembl_id": "ENSG00000106976",
        "entrez_id": "1759",
        "hgnc_id": "HGNC:2972",
        "hgnc_name": "dynamin 1",
        "hgnc_symbol": "DNM1",
        "hgnc_synonyms": [
          "DNM"
        ],
        "user_input_genelist": [
          "DNM1"
        ]
      }
    ]
  },
  {
    "user_input_genelist": "DNM3",
    "idmap": [
      {
        "ensembl_id": "ENSG00000197959",
        "entrez_id": "26052",
        "hgnc_id": "HGNC:29125",
        "hgnc_name": "dynamin 3",
        "hgnc_symbol": "DNM3",
        "hgnc_synonyms": [
          "KIAA0820"
        ],
        "user_input_genelist": [
          "DNM3"
        ]
      }
    ]
  },
  {
    "user_input_genelist": "DRD1",
    "idmap": [
      {
        "ensembl_id": "ENSG00000184845",
        "entrez_id": "1812",
        "hgnc_id": "HGNC:3020",
        "hgnc_name": "dopamine receptor D1",
        "hgnc_symbol": "DRD1",
        "hgnc_synonyms": [],
        "user_input_genelist": [
          "DRD1"
        ]
      }
    ]
  },
  {
    "user_input_genelist": "DRD3",
    "idmap": [
      {
        "ensembl_id": "ENSG00000151577",
        "entrez_id": "1814",
        "hgnc_id": "HGNC:3024",
        "hgnc_name": "dopamine receptor D3",
        "hgnc_symbol": "DRD3",
        "hgnc_synonyms": [],
        "user_input_genelist": [
          "DRD3"
        ]
      }
    ]
  },
  {
    "user_input_genelist": "EFNB2",
    "idmap": [
      {
        "ensembl_id": "ENSG00000125266",
        "entrez_id": "1948",
        "hgnc_id": "HGNC:3227",
        "hgnc_name": "ephrin B2",
        "hgnc_symbol": "EFNB2",
        "hgnc_synonyms": [
          "LERK5",
          "HTK-L",
          "HTKL",
          "MGC126226",
          "MGC126227",
          "MGC126228",
          "EPLG5"
        ],
        "user_input_genelist": [
          "EFNB2"
        ]
      }
    ]
  },
  {
    "user_input_genelist": "EPHB2",
    "idmap": [
      {
        "ensembl_id": "ENSG00000133216",
        "entrez_id": "2048",
        "hgnc_id": "HGNC:3393",
        "hgnc_name": "EPH receptor B2",
        "hgnc_symbol": "EPHB2",
        "hgnc_synonyms": [
          "HEK5",
          "TYRO5",
          "DRT",
          "ERK",
          "EPHT3"
        ],
        "user_input_genelist": [
          "EPHB2"
        ]
      }
    ]
  },
  {
    "user_input_genelist": "ERC2",
    "idmap": [
      {
        "ensembl_id": "ENSG00000187672",
        "entrez_id": "26059",
        "hgnc_id": "HGNC:31922",
        "hgnc_name": "ELKS/RAB6-interacting/CAST family member 2",
        "hgnc_symbol": "ERC2",
        "hgnc_synonyms": [
          "CAST",
          "CAST1",
          "KIAA0378",
          "SPBC110",
          "SPC110",
          "ELKSL"
        ],
        "user_input_genelist": [
          "ERC2"
        ]
      }
    ]
  },
  {
    "user_input_genelist": "ERMARD",
    "idmap": []
  },
  {
    "user_input_genelist": "EZR",
    "idmap": [
      {
        "ensembl_id": "ENSG00000092820",
        "entrez_id": "7430",
        "hgnc_id": "HGNC:12691",
        "hgnc_name": "ezrin",
        "hgnc_symbol": "EZR",
        "hgnc_synonyms": [
          "VIL2"
        ],
        "user_input_genelist": [
          "EZR"
        ]
      }
    ]
  },
  {
    "user_input_genelist": "FAIM2",
    "idmap": []
  },
  {
    "user_input_genelist": "FBXO31",
    "idmap": []
  },
  {
    "user_input_genelist": "FGF12",
    "idmap": []
  },
  {
    "user_input_genelist": "FGF13",
    "idmap": []
  },
  {
    "user_input_genelist": "FMN2",
    "idmap": []
  },
  {
    "user_input_genelist": "GABBR1",
    "idmap": [
      {
        "ensembl_id": "ENSG00000204681",
        "entrez_id": "2550",
        "hgnc_id": "HGNC:4070",
        "hgnc_name": "gamma-aminobutyric acid type B receptor subunit 1",
        "hgnc_symbol": "GABBR1",
        "hgnc_synonyms": [
          "HGB1A",
          "GPRC3A"
        ],
        "user_input_genelist": [
          "GABBR1"
        ]
      }
    ]
  },
  {
    "user_input_genelist": "GABBR2",
    "idmap": [
      {
        "ensembl_id": "ENSG00000136928",
        "entrez_id": "9568",
        "hgnc_id": "HGNC:4507",
        "hgnc_name": "gamma-aminobutyric acid type B receptor subunit 2",
        "hgnc_symbol": "GABBR2",
        "hgnc_synonyms": [
          "HG20",
          "GABABR2",
          "GPRC3B",
          "GPR51"
        ],
        "user_input_genelist": [
          "GABBR2"
        ]
      }
    ]
  },
  {
    "user_input_genelist": "GABRA2",
    "idmap": [
      {
        "ensembl_id": "ENSG00000151834",
        "entrez_id": "2555",
        "hgnc_id": "HGNC:4076",
        "hgnc_name": "gamma-aminobutyric acid type A receptor subunit alpha2",
        "hgnc_symbol": "GABRA2",
        "hgnc_synonyms": [],
        "user_input_genelist": [
          "GABRA2"
        ]
      }
    ]
  },
  {
    "user_input_genelist": "GABRA4",
    "idmap": [
      {
        "ensembl_id": "ENSG00000109158",
        "entrez_id": "2557",
        "hgnc_id": "HGNC:4078",
        "hgnc_name": "gamma-aminobutyric acid type A receptor subunit alpha4",
        "hgnc_symbol": "GABRA4",
        "hgnc_synonyms": [],
        "user_input_genelist": [
          "GABRA4"
        ]
      }
    ]
  },
  {
    "user_input_genelist": "GABRA5",
    "idmap": [
      {
        "ensembl_id": "ENSG00000186297",
        "entrez_id": "2558",
        "hgnc_id": "HGNC:4079",
        "hgnc_name": "gamma-aminobutyric acid type A receptor subunit alpha5",
        "hgnc_symbol": "GABRA5",
        "hgnc_synonyms": [],
        "user_input_genelist": [
          "GABRA5"
        ]
      }
    ]
  },
  {
    "user_input_genelist": "GABRB1",
    "idmap": [
      {
        "ensembl_id": "ENSG00000163288",
        "entrez_id": "2560",
        "hgnc_id": "HGNC:4081",
        "hgnc_name": "gamma-aminobutyric acid type A receptor subunit beta1",
        "hgnc_symbol": "GABRB1",
        "hgnc_synonyms": [],
        "user_input_genelist": [
          "GABRB1"
        ]
      }
    ]
  },
  {
    "user_input_genelist": "GABRB2",
    "idmap": [
      {
        "ensembl_id": "ENSG00000145864",
        "entrez_id": "2561",
        "hgnc_id": "HGNC:4082",
        "hgnc_name": "gamma-aminobutyric acid type A receptor subunit beta2",
        "hgnc_symbol": "GABRB2",
        "hgnc_synonyms": [],
        "user_input_genelist": [
          "GABRB2"
        ]
      }
    ]
  },
  {
    "user_input_genelist": "GABRD",
    "idmap": [
      {
        "ensembl_id": "ENSG00000187730",
        "entrez_id": "2563",
        "hgnc_id": "HGNC:4084",
        "hgnc_name": "gamma-aminobutyric acid type A receptor subunit delta",
        "hgnc_symbol": "GABRD",
        "hgnc_synonyms": [],
        "user_input_genelist": [
          "GABRD"
        ]
      }
    ]
  },
  {
    "user_input_genelist": "GABRG2",
    "idmap": [
      {
        "ensembl_id": "ENSG00000113327",
        "entrez_id": "2566",
        "hgnc_id": "HGNC:4087",
        "hgnc_name": "gamma-aminobutyric acid type A receptor subunit gamma2",
        "hgnc_symbol": "GABRG2",
        "hgnc_synonyms": [],
        "user_input_genelist": [
          "GABRG2"
        ]
      }
    ]
  },
  {
    "user_input_genelist": "GABRG3",
    "idmap": [
      {
        "ensembl_id": "ENSG00000182256",
        "entrez_id": "2567",
        "hgnc_id": "HGNC:4088",
        "hgnc_name": "gamma-aminobutyric acid type A receptor subunit gamma3",
        "hgnc_symbol": "GABRG3",
        "hgnc_synonyms": [],
        "user_input_genelist": [
          "GABRG3"
        ]
      }
    ]
  },
  {
    "user_input_genelist": "GAD1",
    "idmap": [
      {
        "ensembl_id": "ENSG00000128683",
        "entrez_id": "2571",
        "hgnc_id": "HGNC:4092",
        "hgnc_name": "glutamate decarboxylase 1",
        "hgnc_symbol": "GAD1",
        "hgnc_synonyms": [
          "GAD"
        ],
        "user_input_genelist": [
          "GAD1"
        ]
      }
    ]
  },
  {
    "user_input_genelist": "GAD2",
    "idmap": [
      {
        "ensembl_id": "ENSG00000136750",
        "entrez_id": "2572",
        "hgnc_id": "HGNC:4093",
        "hgnc_name": "glutamate decarboxylase 2",
        "hgnc_symbol": "GAD2",
        "hgnc_synonyms": [
          "GAD65"
        ],
        "user_input_genelist": [
          "GAD2"
        ]
      }
    ]
  },
  {
    "user_input_genelist": "GFM2",
    "idmap": []
  },
  {
    "user_input_genelist": "GLRA2",
    "idmap": [
      {
        "ensembl_id": "ENSG00000101958",
        "entrez_id": "2742",
        "hgnc_id": "HGNC:4327",
        "hgnc_name": "glycine receptor alpha 2",
        "hgnc_symbol": "GLRA2",
        "hgnc_synonyms": [
          "GLR"
        ],
        "user_input_genelist": [
          "GLRA2"
        ]
      }
    ]
  },
  {
    "user_input_genelist": "GLS",
    "idmap": []
  },
  {
    "user_input_genelist": "GLUD1",
    "idmap": [
      {
        "ensembl_id": "ENSG00000182771",
        "entrez_id": "2894",
        "hgnc_id": "HGNC:4575",
        "hgnc_name": "glutamate ionotropic receptor delta type subunit 1",
        "hgnc_symbol": "GRID1",
        "hgnc_synonyms": [
          "GLUD1",
          "KIAA1220"
        ],
        "user_input_genelist": [
          "GLUD1"
        ]
      }
    ]
  },
  {
    "user_input_genelist": "GNAL",
    "idmap": []
  },
  {
    "user_input_genelist": "GNAO1",
    "idmap": []
  },
  {
    "user_input_genelist": "GNAQ",
    "idmap": []
  },
  {
    "user_input_genelist": "GNAS",
    "idmap": []
  },
  {
    "user_input_genelist": "GNG10",
    "idmap": []
  },
  {
    "user_input_genelist": "GNGT1",
    "idmap": []
  },
  {
    "user_input_genelist": "GPM6A",
    "idmap": [
      {
        "ensembl_id": "ENSG00000150625",
        "entrez_id": "2823",
        "hgnc_id": "HGNC:4460",
        "hgnc_name": "glycoprotein M6A",
        "hgnc_symbol": "GPM6A",
        "hgnc_synonyms": [
          "GPM6"
        ],
        "user_input_genelist": [
          "GPM6A"
        ]
      }
    ]
  },
  {
    "user_input_genelist": "GRIA1",
    "idmap": [
      {
        "ensembl_id": "ENSG00000155511",
        "entrez_id": "2890",
        "hgnc_id": "HGNC:4571",
        "hgnc_name": "glutamate ionotropic receptor AMPA type subunit 1",
        "hgnc_symbol": "GRIA1",
        "hgnc_synonyms": [
          "GLUA1",
          "GLURA",
          "GLUR1"
        ],
        "user_input_genelist": [
          "GRIA1"
        ]
      }
    ]
  },
  {
    "user_input_genelist": "GRIA2",
    "idmap": [
      {
        "ensembl_id": "ENSG00000120251",
        "entrez_id": "2891",
        "hgnc_id": "HGNC:4572",
        "hgnc_name": "glutamate ionotropic receptor AMPA type subunit 2",
        "hgnc_symbol": "GRIA2",
        "hgnc_synonyms": [
          "GLUA2",
          "GLURB",
          "GLUR2"
        ],
        "user_input_genelist": [
          "GRIA2"
        ]
      }
    ]
  },
  {
    "user_input_genelist": "GRIA3",
    "idmap": [
      {
        "ensembl_id": "ENSG00000125675",
        "entrez_id": "2892",
        "hgnc_id": "HGNC:4573",
        "hgnc_name": "glutamate ionotropic receptor AMPA type subunit 3",
        "hgnc_symbol": "GRIA3",
        "hgnc_synonyms": [
          "GLUA3",
          "GLURC",
          "MRX94",
          "GLUR3"
        ],
        "user_input_genelist": [
          "GRIA3"
        ]
      }
    ]
  },
  {
    "user_input_genelist": "GRIA4",
    "idmap": [
      {
        "ensembl_id": "ENSG00000152578",
        "entrez_id": "2893",
        "hgnc_id": "HGNC:4574",
        "hgnc_name": "glutamate ionotropic receptor AMPA type subunit 4",
        "hgnc_symbol": "GRIA4",
        "hgnc_synonyms": [
          "GLUA4",
          "GLURD",
          "GLUR4"
        ],
        "user_input_genelist": [
          "GRIA4"
        ]
      }
    ]
  },
  {
    "user_input_genelist": "GRIK3",
    "idmap": [
      {
        "ensembl_id": "ENSG00000163873",
        "entrez_id": "2899",
        "hgnc_id": "HGNC:4581",
        "hgnc_name": "glutamate ionotropic receptor kainate type subunit 3",
        "hgnc_symbol": "GRIK3",
        "hgnc_synonyms": [
          "GLUK3",
          "GLUR7"
        ],
        "user_input_genelist": [
          "GRIK3"
        ]
      }
    ]
  },
  {
    "user_input_genelist": "GRIK4",
    "idmap": [
      {
        "ensembl_id": "ENSG00000149403",
        "entrez_id": "2900",
        "hgnc_id": "HGNC:4582",
        "hgnc_name": "glutamate ionotropic receptor kainate type subunit 4",
        "hgnc_symbol": "GRIK4",
        "hgnc_synonyms": [
          "GLUK4",
          "KA1",
          "GRIK"
        ],
        "user_input_genelist": [
          "GRIK4"
        ]
      }
    ]
  },
  {
    "user_input_genelist": "GRIN1",
    "idmap": [
      {
        "ensembl_id": "ENSG00000176884",
        "entrez_id": "2902",
        "hgnc_id": "HGNC:4584",
        "hgnc_name": "glutamate ionotropic receptor NMDA type subunit 1",
        "hgnc_symbol": "GRIN1",
        "hgnc_synonyms": [
          "GLUN1",
          "NMDAR1"
        ],
        "user_input_genelist": [
          "GRIN1"
        ]
      }
    ]
  },
  {
    "user_input_genelist": "GRIN2B",
    "idmap": [
      {
        "ensembl_id": "ENSG00000273079",
        "entrez_id": "2904",
        "hgnc_id": "HGNC:4586",
        "hgnc_name": "glutamate ionotropic receptor NMDA type subunit 2B",
        "hgnc_symbol": "GRIN2B",
        "hgnc_synonyms": [
          "GLUN2B",
          "NMDAR2B"
        ],
        "user_input_genelist": [
          "GRIN2B"
        ]
      }
    ]
  },
  {
    "user_input_genelist": "GRIN2C",
    "idmap": [
      {
        "ensembl_id": "ENSG00000161509",
        "entrez_id": "2905",
        "hgnc_id": "HGNC:4587",
        "hgnc_name": "glutamate ionotropic receptor NMDA type subunit 2C",
        "hgnc_symbol": "GRIN2C",
        "hgnc_synonyms": [
          "GLUN2C",
          "NMDAR2C"
        ],
        "user_input_genelist": [
          "GRIN2C"
        ]
      }
    ]
  },
  {
    "user_input_genelist": "GRM3",
    "idmap": [
      {
        "ensembl_id": "ENSG00000198822",
        "entrez_id": "2913",
        "hgnc_id": "HGNC:4595",
        "hgnc_name": "glutamate metabotropic receptor 3",
        "hgnc_symbol": "GRM3",
        "hgnc_synonyms": [
          "GPRC1C",
          "MGLU3",
          "MGLUR3"
        ],
        "user_input_genelist": [
          "GRM3"
        ]
      }
    ]
  },
  {
    "user_input_genelist": "GRM4",
    "idmap": [
      {
        "ensembl_id": "ENSG00000124493",
        "entrez_id": "2914",
        "hgnc_id": "HGNC:4596",
        "hgnc_name": "glutamate metabotropic receptor 4",
        "hgnc_symbol": "GRM4",
        "hgnc_synonyms": [
          "GPRC1D",
          "MGLU4",
          "MGLUR4"
        ],
        "user_input_genelist": [
          "GRM4"
        ]
      }
    ]
  },
  {
    "user_input_genelist": "GRM5",
    "idmap": [
      {
        "ensembl_id": "ENSG00000168959",
        "entrez_id": "2915",
        "hgnc_id": "HGNC:4597",
        "hgnc_name": "glutamate metabotropic receptor 5",
        "hgnc_symbol": "GRM5",
        "hgnc_synonyms": [
          "MGLUR5",
          "GPRC1E",
          "MGLU5",
          "PPP1R86"
        ],
        "user_input_genelist": [
          "GRM5"
        ]
      }
    ]
  },
  {
    "user_input_genelist": "GRM7",
    "idmap": [
      {
        "ensembl_id": "ENSG00000196277",
        "entrez_id": "2917",
        "hgnc_id": "HGNC:4599",
        "hgnc_name": "glutamate metabotropic receptor 7",
        "hgnc_symbol": "GRM7",
        "hgnc_synonyms": [
          "GLUR7",
          "GPRC1G",
          "MGLU7",
          "MGLUR7",
          "PPP1R87"
        ],
        "user_input_genelist": [
          "GRM7"
        ]
      }
    ]
  },
  {
    "user_input_genelist": "GUCY1B1",
    "idmap": [
      {
        "ensembl_id": "ENSG00000061918",
        "entrez_id": "2983",
        "hgnc_id": "HGNC:4687",
        "hgnc_name": "guanylate cyclase 1 soluble subunit beta 1",
        "hgnc_symbol": "GUCY1B1",
        "hgnc_synonyms": [
          "GC-SB3",
          "GC-S-BETA-1",
          "GUC1B3",
          "GUCY1B3"
        ],
        "user_input_genelist": [
          "GUCY1B1"
        ]
      }
    ]
  },
  {
    "user_input_genelist": "GUF1",
    "idmap": []
  },
  {
    "user_input_genelist": "HCN1",
    "idmap": [
      {
        "ensembl_id": "ENSG00000164588",
        "entrez_id": "348980",
        "hgnc_id": "HGNC:4845",
        "hgnc_name": "hyperpolarization activated cyclic nucleotide gated potassium channel 1",
        "hgnc_symbol": "HCN1",
        "hgnc_synonyms": [
          "BCNG-1",
          "HAC-2",
          "BCNG1"
        ],
        "user_input_genelist": [
          "HCN1"
        ]
      }
    ]
  },
  {
    "user_input_genelist": "HCN3",
    "idmap": []
  },
  {
    "user_input_genelist": "HIBCH",
    "idmap": []
  },
  {
    "user_input_genelist": "HMGCL",
    "idmap": []
  },
  {
    "user_input_genelist": "IER3IP1",
    "idmap": []
  },
  {
    "user_input_genelist": "IGSF9B",
    "idmap": [
      {
        "ensembl_id": "ENSG00000080854",
        "entrez_id": "22997",
        "hgnc_id": "HGNC:32326",
        "hgnc_name": "immunoglobulin superfamily member 9B",
        "hgnc_symbol": "IGSF9B",
        "hgnc_synonyms": [
          "KIAA1030",
          "LINC00947",
          "LOC283174",
          "MIR4697HG"
        ],
        "user_input_genelist": [
          "IGSF9B"
        ]
      }
    ]
  },
  {
    "user_input_genelist": "IL1RAPL1",
    "idmap": [
      {
        "ensembl_id": "ENSG00000169306",
        "entrez_id": "11141",
        "hgnc_id": "HGNC:5996",
        "hgnc_name": "interleukin 1 receptor accessory protein like 1",
        "hgnc_symbol": "IL1RAPL1",
        "hgnc_synonyms": [
          "OPHN4",
          "TIGIRR-2",
          "IL1R8",
          "IL1RAPL",
          "MRX34",
          "MRX21",
          "MRX10"
        ],
        "user_input_genelist": [
          "IL1RAPL1"
        ]
      }
    ]
  },
  {
    "user_input_genelist": "IQSEC3",
    "idmap": [
      {
        "ensembl_id": "ENSG00000120645",
        "entrez_id": "440073",
        "hgnc_id": "HGNC:29193",
        "hgnc_name": "IQ motif and Sec7 domain ArfGEF 3",
        "hgnc_symbol": "IQSEC3",
        "hgnc_synonyms": [
          "KIAA1110",
          "MGC30156"
        ],
        "user_input_genelist": [
          "IQSEC3"
        ]
      }
    ]
  },
  {
    "user_input_genelist": "ITGA3",
    "idmap": [
      {
        "ensembl_id": "ENSG00000005884",
        "entrez_id": "3675",
        "hgnc_id": "HGNC:6139",
        "hgnc_name": "integrin subunit alpha 3",
        "hgnc_symbol": "ITGA3",
        "hgnc_synonyms": [
          "CD49C",
          "VLA3A",
          "VCA-2",
          "GAP-B3",
          "MSK18"
        ],
        "user_input_genelist": [
          "ITGA3"
        ]
      }
    ]
  },
  {
    "user_input_genelist": "ITPR1",
    "idmap": [
      {
        "ensembl_id": "ENSG00000150995",
        "entrez_id": "3708",
        "hgnc_id": "HGNC:6180",
        "hgnc_name": "inositol 1,4,5-trisphosphate receptor type 1",
        "hgnc_symbol": "ITPR1",
        "hgnc_synonyms": [
          "INSP3R1",
          "IP3R1",
          "ACV",
          "PPP1R94",
          "SCA15",
          "SCA16",
          "SCA29"
        ],
        "user_input_genelist": [
          "ITPR1"
        ]
      }
    ]
  },
  {
    "user_input_genelist": "ITSN1",
    "idmap": [
      {
        "ensembl_id": "ENSG00000205726",
        "entrez_id": "6453",
        "hgnc_id": "HGNC:6183",
        "hgnc_name": "intersectin 1",
        "hgnc_symbol": "ITSN1",
        "hgnc_synonyms": [
          "SH3P17",
          "MGC134948",
          "MGC134949",
          "SH3D1A",
          "ITSN"
        ],
        "user_input_genelist": [
          "ITSN1"
        ]
      }
    ]
  },
  {
    "user_input_genelist": "JRK",
    "idmap": []
  },
  {
    "user_input_genelist": "KCNAB1",
    "idmap": []
  },
  {
    "user_input_genelist": "KCNAB2",
    "idmap": [
      {
        "ensembl_id": "ENSG00000069424",
        "entrez_id": "8514",
        "hgnc_id": "HGNC:6229",
        "hgnc_name": "potassium voltage-gated channel subfamily A regulatory beta subunit 2",
        "hgnc_symbol": "KCNAB2",
        "hgnc_synonyms": [
          "AKR6A5",
          "KCNA2B",
          "HKVBETA2.1",
          "HKVBETA2.2"
        ],
        "user_input_genelist": [
          "KCNAB2"
        ]
      }
    ]
  },
  {
    "user_input_genelist": "KCNB1",
    "idmap": [
      {
        "ensembl_id": "ENSG00000158445",
        "entrez_id": "3745",
        "hgnc_id": "HGNC:6231",
        "hgnc_name": "potassium voltage-gated channel subfamily B member 1",
        "hgnc_symbol": "KCNB1",
        "hgnc_synonyms": [
          "KV2.1"
        ],
        "user_input_genelist": [
          "KCNB1"
        ]
      }
    ]
  },
  {
    "user_input_genelist": "KCNB2",
    "idmap": []
  },
  {
    "user_input_genelist": "KCND2",
    "idmap": [
      {
        "ensembl_id": "ENSG00000184408",
        "entrez_id": "3751",
        "hgnc_id": "HGNC:6238",
        "hgnc_name": "potassium voltage-gated channel subfamily D member 2",
        "hgnc_symbol": "KCND2",
        "hgnc_synonyms": [
          "KV4.2",
          "RK5",
          "KIAA1044"
        ],
        "user_input_genelist": [
          "KCND2"
        ]
      }
    ]
  },
  {
    "user_input_genelist": "KCNG3",
    "idmap": []
  },
  {
    "user_input_genelist": "KCNH1",
    "idmap": [
      {
        "ensembl_id": "ENSG00000143473",
        "entrez_id": "3756",
        "hgnc_id": "HGNC:6250",
        "hgnc_name": "potassium voltage-gated channel subfamily H member 1",
        "hgnc_symbol": "KCNH1",
        "hgnc_synonyms": [
          "KV10.1",
          "EAG",
          "H-EAG",
          "EAG1",
          "HEAG"
        ],
        "user_input_genelist": [
          "KCNH1"
        ]
      }
    ]
  },
  {
    "user_input_genelist": "KCNH2",
    "idmap": []
  },
  {
    "user_input_genelist": "KCNH3",
    "idmap": []
  },
  {
    "user_input_genelist": "KCNH8",
    "idmap": []
  },
  {
    "user_input_genelist": "KCNJ10",
    "idmap": []
  },
  {
    "user_input_genelist": "KCNJ16",
    "idmap": []
  },
  {
    "user_input_genelist": "KCNJ9",
    "idmap": [
      {
        "ensembl_id": "ENSG00000162728",
        "entrez_id": "3765",
        "hgnc_id": "HGNC:6270",
        "hgnc_name": "potassium inwardly rectifying channel subfamily J member 9",
        "hgnc_symbol": "KCNJ9",
        "hgnc_synonyms": [
          "KIR3.3",
          "GIRK3"
        ],
        "user_input_genelist": [
          "KCNJ9"
        ]
      }
    ]
  },
  {
    "user_input_genelist": "KCNK10",
    "idmap": []
  },
  {
    "user_input_genelist": "KCNMA1",
    "idmap": [
      {
        "ensembl_id": "ENSG00000156113",
        "entrez_id": "3778",
        "hgnc_id": "HGNC:6284",
        "hgnc_name": "potassium calcium-activated channel subfamily M alpha 1",
        "hgnc_symbol": "KCNMA1",
        "hgnc_synonyms": [
          "KCA1.1",
          "MSLO1",
          "SLO"
        ],
        "user_input_genelist": [
          "KCNMA1"
        ]
      }
    ]
  },
  {
    "user_input_genelist": "KCNMB4",
    "idmap": [
      {
        "ensembl_id": "ENSG00000135643",
        "entrez_id": "27345",
        "hgnc_id": "HGNC:6289",
        "hgnc_name": "potassium calcium-activated channel subfamily M regulatory beta subunit 4",
        "hgnc_symbol": "KCNMB4",
        "hgnc_synonyms": [],
        "user_input_genelist": [
          "KCNMB4"
        ]
      }
    ]
  },
  {
    "user_input_genelist": "KCNN2",
    "idmap": [
      {
        "ensembl_id": "ENSG00000080709",
        "entrez_id": "3781",
        "hgnc_id": "HGNC:6291",
        "hgnc_name": "potassium calcium-activated channel subfamily N member 2",
        "hgnc_symbol": "KCNN2",
        "hgnc_synonyms": [
          "KCA2.2",
          "HSK2"
        ],
        "user_input_genelist": [
          "KCNN2"
        ]
      }
    ]
  },
  {
    "user_input_genelist": "KCNN3",
    "idmap": []
  },
  {
    "user_input_genelist": "KCNQ1",
    "idmap": []
  },
  {
    "user_input_genelist": "KCNQ2",
    "idmap": []
  },
  {
    "user_input_genelist": "KCNQ3",
    "idmap": []
  },
  {
    "user_input_genelist": "KCNQ5",
    "idmap": [
      {
        "ensembl_id": "ENSG00000185760",
        "entrez_id": "56479",
        "hgnc_id": "HGNC:6299",
        "hgnc_name": "potassium voltage-gated channel subfamily Q member 5",
        "hgnc_symbol": "KCNQ5",
        "hgnc_synonyms": [
          "KV7.5"
        ],
        "user_input_genelist": [
          "KCNQ5"
        ]
      }
    ]
  },
  {
    "user_input_genelist": "KCNS2",
    "idmap": []
  },
  {
    "user_input_genelist": "KCTD7",
    "idmap": []
  },
  {
    "user_input_genelist": "LGI1",
    "idmap": [
      {
        "ensembl_id": "ENSG00000108231",
        "entrez_id": "9211",
        "hgnc_id": "HGNC:6572",
        "hgnc_name": "leucine rich glioma inactivated 1",
        "hgnc_symbol": "LGI1",
        "hgnc_synonyms": [
          "IB1099",
          "ETL1",
          "EPITEMPIN",
          "EPT"
        ],
        "user_input_genelist": [
          "LGI1"
        ]
      }
    ]
  },
  {
    "user_input_genelist": "LHFPL4",
    "idmap": [
      {
        "ensembl_id": "ENSG00000156959",
        "entrez_id": "375323",
        "hgnc_id": "HGNC:29568",
        "hgnc_name": "LHFPL tetraspan subfamily member 4",
        "hgnc_symbol": "LHFPL4",
        "hgnc_synonyms": [
          "GARLH4"
        ],
        "user_input_genelist": [
          "LHFPL4"
        ]
      }
    ]
  },
  {
    "user_input_genelist": "LONP1",
    "idmap": []
  },
  {
    "user_input_genelist": "LRRC4",
    "idmap": [
      {
        "ensembl_id": "ENSG00000128594",
        "entrez_id": "64101",
        "hgnc_id": "HGNC:15586",
        "hgnc_name": "leucine rich repeat containing 4",
        "hgnc_symbol": "LRRC4",
        "hgnc_synonyms": [
          "NAG14"
        ],
        "user_input_genelist": [
          "LRRC4"
        ]
      }
    ]
  },
  {
    "user_input_genelist": "LRRC4C",
    "idmap": [
      {
        "ensembl_id": "ENSG00000148948",
        "entrez_id": "57689",
        "hgnc_id": "HGNC:29317",
        "hgnc_name": "leucine rich repeat containing 4C",
        "hgnc_symbol": "LRRC4C",
        "hgnc_synonyms": [
          "KIAA1580",
          "NGL-1"
        ],
        "user_input_genelist": [
          "LRRC4C"
        ]
      }
    ]
  },
  {
    "user_input_genelist": "LRRC7",
    "idmap": [
      {
        "ensembl_id": "ENSG00000033122",
        "entrez_id": "57554",
        "hgnc_id": "HGNC:18531",
        "hgnc_name": "leucine rich repeat containing 7",
        "hgnc_symbol": "LRRC7",
        "hgnc_synonyms": [
          "KIAA1365",
          "DENSIN-180"
        ],
        "user_input_genelist": [
          "LRRC7"
        ]
      }
    ]
  },
  {
    "user_input_genelist": "LRRTM1",
    "idmap": [
      {
        "ensembl_id": "ENSG00000162951",
        "entrez_id": "347730",
        "hgnc_id": "HGNC:19408",
        "hgnc_name": "leucine rich repeat transmembrane neuronal 1",
        "hgnc_symbol": "LRRTM1",
        "hgnc_synonyms": [
          "FLJ32082"
        ],
        "user_input_genelist": [
          "LRRTM1"
        ]
      }
    ]
  },
  {
    "user_input_genelist": "LRRTM3",
    "idmap": [
      {
        "ensembl_id": "ENSG00000198739",
        "entrez_id": "347731",
        "hgnc_id": "HGNC:19410",
        "hgnc_name": "leucine rich repeat transmembrane neuronal 3",
        "hgnc_symbol": "LRRTM3",
        "hgnc_synonyms": [],
        "user_input_genelist": [
          "LRRTM3"
        ]
      }
    ]
  },
  {
    "user_input_genelist": "LRRTM4",
    "idmap": [
      {
        "ensembl_id": "ENSG00000176204",
        "entrez_id": "80059",
        "hgnc_id": "HGNC:19411",
        "hgnc_name": "leucine rich repeat transmembrane neuronal 4",
        "hgnc_symbol": "LRRTM4",
        "hgnc_synonyms": [
          "FLJ12568"
        ],
        "user_input_genelist": [
          "LRRTM4"
        ]
      }
    ]
  },
  {
    "user_input_genelist": "MAGEE1",
    "idmap": []
  },
  {
    "user_input_genelist": "MAN1B1",
    "idmap": []
  },
  {
    "user_input_genelist": "MAP1B",
    "idmap": []
  },
  {
    "user_input_genelist": "MAP2K1",
    "idmap": [
      {
        "ensembl_id": "ENSG00000169032",
        "entrez_id": "5604",
        "hgnc_id": "HGNC:6840",
        "hgnc_name": "mitogen-activated protein kinase kinase 1",
        "hgnc_symbol": "MAP2K1",
        "hgnc_synonyms": [
          "MEK1",
          "MAPKK1",
          "PRKMK1"
        ],
        "user_input_genelist": [
          "MAP2K1"
        ]
      }
    ]
  },
  {
    "user_input_genelist": "MDH1",
    "idmap": []
  },
  {
    "user_input_genelist": "MECP2",
    "idmap": [
      {
        "ensembl_id": "ENSG00000169057",
        "entrez_id": "4204",
        "hgnc_id": "HGNC:6990",
        "hgnc_name": "methyl-CpG binding protein 2",
        "hgnc_symbol": "MECP2",
        "hgnc_synonyms": [
          "RTT",
          "MRX16",
          "MRX79"
        ],
        "user_input_genelist": [
          "MECP2"
        ]
      }
    ]
  },
  {
    "user_input_genelist": "MED25",
    "idmap": []
  },
  {
    "user_input_genelist": "MYO6",
    "idmap": [
      {
        "ensembl_id": "ENSG00000196586",
        "entrez_id": "4646",
        "hgnc_id": "HGNC:7605",
        "hgnc_name": "myosin VI",
        "hgnc_symbol": "MYO6",
        "hgnc_synonyms": [
          "KIAA0389",
          "DFNA22",
          "DFNB37"
        ],
        "user_input_genelist": [
          "MYO6"
        ]
      }
    ]
  },
  {
    "user_input_genelist": "NACC1",
    "idmap": []
  },
  {
    "user_input_genelist": "NCDN",
    "idmap": []
  },
  {
    "user_input_genelist": "NDST1",
    "idmap": []
  },
  {
    "user_input_genelist": "NECTIN3",
    "idmap": [
      {
        "ensembl_id": "ENSG00000177707",
        "entrez_id": "25945",
        "hgnc_id": "HGNC:17664",
        "hgnc_name": "nectin cell adhesion molecule 3",
        "hgnc_symbol": "NECTIN3",
        "hgnc_synonyms": [
          "NECTIN-3",
          "PPR3",
          "PVRR3",
          "DKFZP566B0846",
          "CDW113",
          "CD113",
          "PVRL3"
        ],
        "user_input_genelist": [
          "NECTIN3"
        ]
      }
    ]
  },
  {
    "user_input_genelist": "NLGN1",
    "idmap": [
      {
        "ensembl_id": "ENSG00000169760",
        "entrez_id": "22871",
        "hgnc_id": "HGNC:14291",
        "hgnc_name": "neuroligin 1",
        "hgnc_symbol": "NLGN1",
        "hgnc_synonyms": [
          "KIAA1070"
        ],
        "user_input_genelist": [
          "NLGN1"
        ]
      }
    ]
  },
  {
    "user_input_genelist": "NLGN4X",
    "idmap": [
      {
        "ensembl_id": "ENSG00000146938",
        "entrez_id": "57502",
        "hgnc_id": "HGNC:14287",
        "hgnc_name": "neuroligin 4 X-linked",
        "hgnc_symbol": "NLGN4X",
        "hgnc_synonyms": [
          "KIAA1260",
          "NLGN",
          "HLNX",
          "NLGN4"
        ],
        "user_input_genelist": [
          "NLGN4X"
        ]
      }
    ]
  },
  {
    "user_input_genelist": "NPRL3",
    "idmap": []
  },
  {
    "user_input_genelist": "NPTN",
    "idmap": [
      {
        "ensembl_id": "ENSG00000156642",
        "entrez_id": "27020",
        "hgnc_id": "HGNC:17867",
        "hgnc_name": "neuroplastin",
        "hgnc_symbol": "NPTN",
        "hgnc_synonyms": [
          "SDR1",
          "GP55",
          "GP65",
          "NP65",
          "NP55",
          "SDFR1"
        ],
        "user_input_genelist": [
          "NPTN"
        ]
      }
    ]
  },
  {
    "user_input_genelist": "NRG1",
    "idmap": [
      {
        "ensembl_id": "ENSG00000157168",
        "entrez_id": "3084",
        "hgnc_id": "HGNC:7997",
        "hgnc_name": "neuregulin 1",
        "hgnc_symbol": "NRG1",
        "hgnc_synonyms": [
          "HRG",
          "NDF",
          "GGF",
          "HGL",
          "NRG1-IT2"
        ],
        "user_input_genelist": [
          "NRG1"
        ]
      }
    ]
  },
  {
    "user_input_genelist": "NRXN1",
    "idmap": [
      {
        "ensembl_id": "ENSG00000179915",
        "entrez_id": "9378",
        "hgnc_id": "HGNC:8008",
        "hgnc_name": "neurexin 1",
        "hgnc_symbol": "NRXN1",
        "hgnc_synonyms": [
          "KIAA0578",
          "HS.22998"
        ],
        "user_input_genelist": [
          "NRXN1"
        ]
      }
    ]
  },
  {
    "user_input_genelist": "NRXN2",
    "idmap": [
      {
        "ensembl_id": "ENSG00000110076",
        "entrez_id": "9379",
        "hgnc_id": "HGNC:8009",
        "hgnc_name": "neurexin 2",
        "hgnc_symbol": "NRXN2",
        "hgnc_synonyms": [],
        "user_input_genelist": [
          "NRXN2"
        ]
      }
    ]
  },
  {
    "user_input_genelist": "NRXN3",
    "idmap": [
      {
        "ensembl_id": "ENSG00000021645",
        "entrez_id": "9369",
        "hgnc_id": "HGNC:8010",
        "hgnc_name": "neurexin 3",
        "hgnc_symbol": "NRXN3",
        "hgnc_synonyms": [
          "KIAA0743",
          "C14ORF60"
        ],
        "user_input_genelist": [
          "NRXN3"
        ]
      }
    ]
  },
  {
    "user_input_genelist": "NSF",
    "idmap": [
      {
        "ensembl_id": "ENSG00000073969",
        "entrez_id": "4905",
        "hgnc_id": "HGNC:8016",
        "hgnc_name": "N-ethylmaleimide sensitive factor, vesicle fusing ATPase",
        "hgnc_symbol": "NSF",
        "hgnc_synonyms": [
          "SKD2",
          "SEC18"
        ],
        "user_input_genelist": [
          "NSF"
        ]
      }
    ]
  },
  {
    "user_input_genelist": "NTNG1",
    "idmap": [
      {
        "ensembl_id": "ENSG00000162631",
        "entrez_id": "22854",
        "hgnc_id": "HGNC:23319",
        "hgnc_name": "netrin G1",
        "hgnc_symbol": "NTNG1",
        "hgnc_synonyms": [
          "KIAA0976",
          "LMNT1"
        ],
        "user_input_genelist": [
          "NTNG1"
        ]
      }
    ]
  },
  {
    "user_input_genelist": "NTRK2",
    "idmap": [
      {
        "ensembl_id": "ENSG00000148053",
        "entrez_id": "4915",
        "hgnc_id": "HGNC:8032",
        "hgnc_name": "neurotrophic receptor tyrosine kinase 2",
        "hgnc_symbol": "NTRK2",
        "hgnc_synonyms": [
          "TRKB"
        ],
        "user_input_genelist": [
          "NTRK2"
        ]
      }
    ]
  },
  {
    "user_input_genelist": "NUS1",
    "idmap": []
  },
  {
    "user_input_genelist": "OPRD1",
    "idmap": [
      {
        "ensembl_id": "ENSG00000116329",
        "entrez_id": "4985",
        "hgnc_id": "HGNC:8153",
        "hgnc_name": "opioid receptor delta 1",
        "hgnc_symbol": "OPRD1",
        "hgnc_synonyms": [],
        "user_input_genelist": [
          "OPRD1"
        ]
      }
    ]
  },
  {
    "user_input_genelist": "OPRK1",
    "idmap": [
      {
        "ensembl_id": "ENSG00000082556",
        "entrez_id": "4986",
        "hgnc_id": "HGNC:8154",
        "hgnc_name": "opioid receptor kappa 1",
        "hgnc_symbol": "OPRK1",
        "hgnc_synonyms": [
          "KOR",
          "OPRK"
        ],
        "user_input_genelist": [
          "OPRK1"
        ]
      }
    ]
  },
  {
    "user_input_genelist": "OPRM1",
    "idmap": [
      {
        "ensembl_id": "ENSG00000112038",
        "entrez_id": "4988",
        "hgnc_id": "HGNC:8156",
        "hgnc_name": "opioid receptor mu 1",
        "hgnc_symbol": "OPRM1",
        "hgnc_synonyms": [
          "MOR1"
        ],
        "user_input_genelist": [
          "OPRM1"
        ]
      }
    ]
  },
  {
    "user_input_genelist": "P2RX6",
    "idmap": [
      {
        "ensembl_id": "ENSG00000099957",
        "entrez_id": "9127",
        "hgnc_id": "HGNC:8538",
        "hgnc_name": "purinergic receptor P2X 6",
        "hgnc_symbol": "P2RX6",
        "hgnc_synonyms": [
          "P2XM",
          "MGC129625",
          "P2X6",
          "P2RXL1"
        ],
        "user_input_genelist": [
          "P2RX6"
        ]
      }
    ]
  },
  {
    "user_input_genelist": "P4HTM",
    "idmap": []
  },
  {
    "user_input_genelist": "PAFAH1B1",
    "idmap": [
      {
        "ensembl_id": "ENSG00000007168",
        "entrez_id": "5048",
        "hgnc_id": "HGNC:8574",
        "hgnc_name": "platelet activating factor acetylhydrolase 1b regulatory subunit 1",
        "hgnc_symbol": "PAFAH1B1",
        "hgnc_synonyms": [
          "LIS1",
          "PAFAH",
          "NUDF",
          "MDCR",
          "MDS"
        ],
        "user_input_genelist": [
          "PAFAH1B1"
        ]
      }
    ]
  },
  {
    "user_input_genelist": "PDE2A",
    "idmap": []
  },
  {
    "user_input_genelist": "PGAP1",
    "idmap": []
  },
  {
    "user_input_genelist": "PHACTR1",
    "idmap": []
  },
  {
    "user_input_genelist": "PICK1",
    "idmap": [
      {
        "ensembl_id": "ENSG00000100151",
        "entrez_id": "9463",
        "hgnc_id": "HGNC:9394",
        "hgnc_name": "protein interacting with PRKCA 1",
        "hgnc_symbol": "PICK1",
        "hgnc_synonyms": [
          "DJ1039K5",
          "MGC15204",
          "PRKCABP"
        ],
        "user_input_genelist": [
          "PICK1"
        ]
      }
    ]
  },
  {
    "user_input_genelist": "PIGG",
    "idmap": []
  },
  {
    "user_input_genelist": "PIGQ",
    "idmap": []
  },
  {
    "user_input_genelist": "PLCB4",
    "idmap": [
      {
        "ensembl_id": "ENSG00000101333",
        "entrez_id": "5332",
        "hgnc_id": "HGNC:9059",
        "hgnc_name": "phospholipase C beta 4",
        "hgnc_symbol": "PLCB4",
        "hgnc_synonyms": [],
        "user_input_genelist": [
          "PLCB4"
        ]
      }
    ]
  },
  {
    "user_input_genelist": "PLPPR4",
    "idmap": [
      {
        "ensembl_id": "ENSG00000117600",
        "entrez_id": "9890",
        "hgnc_id": "HGNC:23496",
        "hgnc_name": "phospholipid phosphatase related 4",
        "hgnc_symbol": "PLPPR4",
        "hgnc_synonyms": [
          "PRG-1",
          "LPPR4",
          "KIAA0455",
          "PHP1"
        ],
        "user_input_genelist": [
          "PLPPR4"
        ]
      }
    ]
  },
  {
    "user_input_genelist": "PPFIA2",
    "idmap": [
      {
        "ensembl_id": "ENSG00000139220",
        "entrez_id": "8499",
        "hgnc_id": "HGNC:9246",
        "hgnc_name": "PTPRF interacting protein alpha 2",
        "hgnc_symbol": "PPFIA2",
        "hgnc_synonyms": [],
        "user_input_genelist": [
          "PPFIA2"
        ]
      }
    ]
  },
  {
    "user_input_genelist": "PPFIBP2",
    "idmap": [
      {
        "ensembl_id": "ENSG00000166387",
        "entrez_id": "8495",
        "hgnc_id": "HGNC:9250",
        "hgnc_name": "PPFIA binding protein 2",
        "hgnc_symbol": "PPFIBP2",
        "hgnc_synonyms": [
          "CCLP1"
        ],
        "user_input_genelist": [
          "PPFIBP2"
        ]
      }
    ]
  },
  {
    "user_input_genelist": "PRKACB",
    "idmap": []
  },
  {
    "user_input_genelist": "PRKAG2",
    "idmap": []
  },
  {
    "user_input_genelist": "PRKCB",
    "idmap": [
      {
        "ensembl_id": "ENSG00000166501",
        "entrez_id": "5579",
        "hgnc_id": "HGNC:9395",
        "hgnc_name": "protein kinase C beta",
        "hgnc_symbol": "PRKCB",
        "hgnc_synonyms": [
          "PKCB",
          "PRKCB2",
          "PKCB",
          "PRKCB1"
        ],
        "user_input_genelist": [
          "PRKCB"
        ]
      }
    ]
  },
  {
    "user_input_genelist": "PRKCG",
    "idmap": [
      {
        "ensembl_id": "ENSG00000126583",
        "entrez_id": "5582",
        "hgnc_id": "HGNC:9402",
        "hgnc_name": "protein kinase C gamma",
        "hgnc_symbol": "PRKCG",
        "hgnc_synonyms": [
          "PKCC",
          "MGC57564",
          "PKCY",
          "PKCG",
          "SCA14"
        ],
        "user_input_genelist": [
          "PRKCG"
        ]
      }
    ]
  },
  {
    "user_input_genelist": "PRRT2",
    "idmap": [
      {
        "ensembl_id": "ENSG00000167371",
        "entrez_id": "112476",
        "hgnc_id": "HGNC:30500",
        "hgnc_name": "proline rich transmembrane protein 2",
        "hgnc_symbol": "PRRT2",
        "hgnc_synonyms": [
          "FLJ25513",
          "DKFZP547J199",
          "IFITMD1",
          "FICCA",
          "DSPB3",
          "PKC",
          "EKD1",
          "ICCA",
          "DYT10"
        ],
        "user_input_genelist": [
          "PRRT2"
        ]
      }
    ]
  },
  {
    "user_input_genelist": "PTPRF",
    "idmap": [
      {
        "ensembl_id": "ENSG00000142949",
        "entrez_id": "5792",
        "hgnc_id": "HGNC:9670",
        "hgnc_name": "protein tyrosine phosphatase receptor type F",
        "hgnc_symbol": "PTPRF",
        "hgnc_synonyms": [
          "LAR"
        ],
        "user_input_genelist": [
          "PTPRF"
        ]
      }
    ]
  },
  {
    "user_input_genelist": "PTPRO",
    "idmap": [
      {
        "ensembl_id": "ENSG00000151490",
        "entrez_id": "5800",
        "hgnc_id": "HGNC:9678",
        "hgnc_name": "protein tyrosine phosphatase receptor type O",
        "hgnc_symbol": "PTPRO",
        "hgnc_synonyms": [
          "PTPU2",
          "GLEPP1",
          "PTP-U2",
          "PTP-OC",
          "NPHS6"
        ],
        "user_input_genelist": [
          "PTPRO"
        ]
      }
    ]
  },
  {
    "user_input_genelist": "RELN",
    "idmap": []
  },
  {
    "user_input_genelist": "RIMS1",
    "idmap": [
      {
        "ensembl_id": "ENSG00000079841",
        "entrez_id": "22999",
        "hgnc_id": "HGNC:17282",
        "hgnc_name": "regulating synaptic membrane exocytosis 1",
        "hgnc_symbol": "RIMS1",
        "hgnc_synonyms": [
          "RIM",
          "KIAA0340",
          "RIM1",
          "RAB3IP2",
          "CORD7"
        ],
        "user_input_genelist": [
          "RIMS1"
        ]
      }
    ]
  },
  {
    "user_input_genelist": "RIMS3",
    "idmap": [
      {
        "ensembl_id": "ENSG00000117016",
        "entrez_id": "9783",
        "hgnc_id": "HGNC:21292",
        "hgnc_name": "regulating synaptic membrane exocytosis 3",
        "hgnc_symbol": "RIMS3",
        "hgnc_synonyms": [
          "RIM3",
          "NIM3"
        ],
        "user_input_genelist": [
          "RIMS3"
        ]
      }
    ]
  },
  {
    "user_input_genelist": "ROGDI",
    "idmap": [
      {
        "ensembl_id": "ENSG00000067836",
        "entrez_id": "79641",
        "hgnc_id": "HGNC:29478",
        "hgnc_name": "rogdi atypical leucine zipper",
        "hgnc_symbol": "ROGDI",
        "hgnc_synonyms": [
          "FLJ22386"
        ],
        "user_input_genelist": [
          "ROGDI"
        ]
      }
    ]
  },
  {
    "user_input_genelist": "SAMD12",
    "idmap": []
  },
  {
    "user_input_genelist": "SCARB2",
    "idmap": []
  },
  {
    "user_input_genelist": "SCN2A",
    "idmap": [
      {
        "ensembl_id": "ENSG00000136531",
        "entrez_id": "6326",
        "hgnc_id": "HGNC:10588",
        "hgnc_name": "sodium voltage-gated channel alpha subunit 2",
        "hgnc_symbol": "SCN2A",
        "hgnc_synonyms": [
          "NAV1.2",
          "HBSCII",
          "HBSCI",
          "SCN2A1",
          "SCN2A2"
        ],
        "user_input_genelist": [
          "SCN2A"
        ]
      }
    ]
  },
  {
    "user_input_genelist": "SCN3A",
    "idmap": []
  },
  {
    "user_input_genelist": "SCN8A",
    "idmap": [
      {
        "ensembl_id": "ENSG00000196876",
        "entrez_id": "6334",
        "hgnc_id": "HGNC:10596",
        "hgnc_name": "sodium voltage-gated channel alpha subunit 8",
        "hgnc_symbol": "SCN8A",
        "hgnc_synonyms": [
          "NAV1.6",
          "NACH6",
          "PN4",
          "CERIII",
          "CIAT",
          "MED"
        ],
        "user_input_genelist": [
          "SCN8A"
        ]
      }
    ]
  },
  {
    "user_input_genelist": "SEMA4C",
    "idmap": []
  },
  {
    "user_input_genelist": "SETBP1",
    "idmap": []
  },
  {
    "user_input_genelist": "SETD1B",
    "idmap": []
  },
  {
    "user_input_genelist": "SHANK1",
    "idmap": [
      {
        "ensembl_id": "ENSG00000161681",
        "entrez_id": "50944",
        "hgnc_id": "HGNC:15474",
        "hgnc_name": "SH3 and multiple ankyrin repeat domains 1",
        "hgnc_symbol": "SHANK1",
        "hgnc_synonyms": [
          "SSTRIP",
          "SPANK-1",
          "SYNAMON"
        ],
        "user_input_genelist": [
          "SHANK1"
        ]
      }
    ]
  },
  {
    "user_input_genelist": "SHANK2",
    "idmap": [
      {
        "ensembl_id": "ENSG00000162105",
        "entrez_id": "22941",
        "hgnc_id": "HGNC:14295",
        "hgnc_name": "SH3 and multiple ankyrin repeat domains 2",
        "hgnc_symbol": "SHANK2",
        "hgnc_synonyms": [
          "CTTNBP1",
          "PROSAP1",
          "SHANK",
          "SPANK-3",
          "CORTBP1"
        ],
        "user_input_genelist": [
          "SHANK2"
        ]
      }
    ]
  },
  {
    "user_input_genelist": "SHISA7",
    "idmap": [
      {
        "ensembl_id": "ENSG00000187902",
        "entrez_id": "729956",
        "hgnc_id": "HGNC:35409",
        "hgnc_name": "shisa family member 7",
        "hgnc_symbol": "SHISA7",
        "hgnc_synonyms": [],
        "user_input_genelist": [
          "SHISA7"
        ]
      }
    ]
  },
  {
    "user_input_genelist": "SHISA9",
    "idmap": [
      {
        "ensembl_id": "ENSG00000237515",
        "entrez_id": "729993",
        "hgnc_id": "HGNC:37231",
        "hgnc_name": "shisa family member 9",
        "hgnc_symbol": "SHISA9",
        "hgnc_synonyms": [],
        "user_input_genelist": [
          "SHISA9"
        ]
      }
    ]
  },
  {
    "user_input_genelist": "SIGMAR1",
    "idmap": []
  },
  {
    "user_input_genelist": "SLC12A2",
    "idmap": []
  },
  {
    "user_input_genelist": "SLC1A1",
    "idmap": [
      {
        "ensembl_id": "ENSG00000106688",
        "entrez_id": "6505",
        "hgnc_id": "HGNC:10939",
        "hgnc_name": "solute carrier family 1 member 1",
        "hgnc_symbol": "SLC1A1",
        "hgnc_synonyms": [
          "EAAC1",
          "EAAT3"
        ],
        "user_input_genelist": [
          "SLC1A1"
        ]
      }
    ]
  },
  {
    "user_input_genelist": "SLC1A3",
    "idmap": []
  },
  {
    "user_input_genelist": "SLC25A1",
    "idmap": []
  },
  {
    "user_input_genelist": "SLC25A46",
    "idmap": []
  },
  {
    "user_input_genelist": "SLC30A1",
    "idmap": [
      {
        "ensembl_id": "ENSG00000170385",
        "entrez_id": "7779",
        "hgnc_id": "HGNC:11012",
        "hgnc_name": "solute carrier family 30 member 1",
        "hgnc_symbol": "SLC30A1",
        "hgnc_synonyms": [
          "ZRC1",
          "ZNT1"
        ],
        "user_input_genelist": [
          "SLC30A1"
        ]
      }
    ]
  },
  {
    "user_input_genelist": "SLC38A1",
    "idmap": []
  },
  {
    "user_input_genelist": "SLC45A1",
    "idmap": []
  },
  {
    "user_input_genelist": "SLC6A12",
    "idmap": []
  },
  {
    "user_input_genelist": "SLC6A6",
    "idmap": [
      {
        "ensembl_id": "ENSG00000131389",
        "entrez_id": "6533",
        "hgnc_id": "HGNC:11052",
        "hgnc_name": "solute carrier family 6 member 6",
        "hgnc_symbol": "SLC6A6",
        "hgnc_synonyms": [
          "TAUT"
        ],
        "user_input_genelist": [
          "SLC6A6"
        ]
      }
    ]
  },
  {
    "user_input_genelist": "SLC6A9",
    "idmap": [
      {
        "ensembl_id": "ENSG00000196517",
        "entrez_id": "6536",
        "hgnc_id": "HGNC:11056",
        "hgnc_name": "solute carrier family 6 member 9",
        "hgnc_symbol": "SLC6A9",
        "hgnc_synonyms": [
          "GLYT1"
        ],
        "user_input_genelist": [
          "SLC6A9"
        ]
      }
    ]
  },
  {
    "user_input_genelist": "SLC9A6",
    "idmap": [
      {
        "ensembl_id": "ENSG00000198689",
        "entrez_id": "10479",
        "hgnc_id": "HGNC:11079",
        "hgnc_name": "solute carrier family 9 member A6",
        "hgnc_symbol": "SLC9A6",
        "hgnc_synonyms": [
          "NHE6",
          "KIAA0267"
        ],
        "user_input_genelist": [
          "SLC9A6"
        ]
      }
    ]
  },
  {
    "user_input_genelist": "SLITRK4",
    "idmap": [
      {
        "ensembl_id": "ENSG00000179542",
        "entrez_id": "139065",
        "hgnc_id": "HGNC:23502",
        "hgnc_name": "SLIT and NTRK like family member 4",
        "hgnc_symbol": "SLITRK4",
        "hgnc_synonyms": [
          "DKFZP547M2010"
        ],
        "user_input_genelist": [
          "SLITRK4"
        ]
      }
    ]
  },
  {
    "user_input_genelist": "SNAP25",
    "idmap": [
      {
        "ensembl_id": "ENSG00000132639",
        "entrez_id": "6616",
        "hgnc_id": "HGNC:11132",
        "hgnc_name": "synaptosome associated protein 25",
        "hgnc_symbol": "SNAP25",
        "hgnc_synonyms": [
          "SNAP-25",
          "RIC-4",
          "RIC4",
          "SEC9",
          "BA416N4.2",
          "DJ1068F16.2",
          "SNAP"
        ],
        "user_input_genelist": [
          "SNAP25"
        ]
      }
    ]
  },
  {
    "user_input_genelist": "SORCS2",
    "idmap": []
  },
  {
    "user_input_genelist": "SPTBN1",
    "idmap": [
      {
        "ensembl_id": "ENSG00000115306",
        "entrez_id": "6711",
        "hgnc_id": "HGNC:11275",
        "hgnc_name": "spectrin beta, non-erythrocytic 1",
        "hgnc_symbol": "SPTBN1",
        "hgnc_synonyms": [],
        "user_input_genelist": [
          "SPTBN1"
        ]
      }
    ]
  },
  {
    "user_input_genelist": "ST3GAL3",
    "idmap": []
  },
  {
    "user_input_genelist": "ST3GAL5",
    "idmap": []
  },
  {
    "user_input_genelist": "STX19",
    "idmap": []
  },
  {
    "user_input_genelist": "STX1B",
    "idmap": [
      {
        "ensembl_id": "ENSG00000099365",
        "entrez_id": "112755",
        "hgnc_id": "HGNC:18539",
        "hgnc_name": "syntaxin 1B",
        "hgnc_symbol": "STX1B",
        "hgnc_synonyms": [
          "STX1B1",
          "STX1B2"
        ],
        "user_input_genelist": [
          "STX1B"
        ]
      }
    ]
  },
  {
    "user_input_genelist": "STX2",
    "idmap": [
      {
        "ensembl_id": "ENSG00000111450",
        "entrez_id": "2054",
        "hgnc_id": "HGNC:3403",
        "hgnc_name": "syntaxin 2",
        "hgnc_symbol": "STX2",
        "hgnc_synonyms": [
          "EPM",
          "STX2B",
          "STX2C",
          "STX2A",
          "EPIM"
        ],
        "user_input_genelist": [
          "STX2"
        ]
      }
    ]
  },
  {
    "user_input_genelist": "STXBP1",
    "idmap": [
      {
        "ensembl_id": "ENSG00000136854",
        "entrez_id": "6812",
        "hgnc_id": "HGNC:11444",
        "hgnc_name": "syntaxin binding protein 1",
        "hgnc_symbol": "STXBP1",
        "hgnc_synonyms": [
          "HUNC18",
          "MUNC18-1",
          "UNC18",
          "RBSEC1",
          "NSEC1"
        ],
        "user_input_genelist": [
          "STXBP1"
        ]
      }
    ]
  },
  {
    "user_input_genelist": "SYAP1",
    "idmap": []
  },
  {
    "user_input_genelist": "SYN2",
    "idmap": [
      {
        "ensembl_id": "ENSG00000157152",
        "entrez_id": "6854",
        "hgnc_id": "HGNC:11495",
        "hgnc_name": "synapsin II",
        "hgnc_symbol": "SYN2",
        "hgnc_synonyms": [
          "SYNII",
          "SYNIIA",
          "SYNIIB"
        ],
        "user_input_genelist": [
          "SYN2"
        ]
      }
    ]
  },
  {
    "user_input_genelist": "SYN3",
    "idmap": [
      {
        "ensembl_id": "ENSG00000185666",
        "entrez_id": "8224",
        "hgnc_id": "HGNC:11496",
        "hgnc_name": "synapsin III",
        "hgnc_symbol": "SYN3",
        "hgnc_synonyms": [],
        "user_input_genelist": [
          "SYN3"
        ]
      }
    ]
  },
  {
    "user_input_genelist": "SYNDIG1",
    "idmap": []
  },
  {
    "user_input_genelist": "SYNGAP1",
    "idmap": [
      {
        "ensembl_id": "ENSG00000197283",
        "entrez_id": "8831",
        "hgnc_id": "HGNC:11497",
        "hgnc_name": "synaptic Ras GTPase activating protein 1",
        "hgnc_symbol": "SYNGAP1",
        "hgnc_synonyms": [
          "SYNGAP",
          "RASA5",
          "KIAA1938"
        ],
        "user_input_genelist": [
          "SYNGAP1"
        ]
      }
    ]
  },
  {
    "user_input_genelist": "SYP",
    "idmap": [
      {
        "ensembl_id": "ENSG00000102003",
        "entrez_id": "6855",
        "hgnc_id": "HGNC:11506",
        "hgnc_name": "synaptophysin",
        "hgnc_symbol": "SYP",
        "hgnc_synonyms": [
          "MRX96"
        ],
        "user_input_genelist": [
          "SYP"
        ]
      }
    ]
  },
  {
    "user_input_genelist": "SYT12",
    "idmap": [
      {
        "ensembl_id": "ENSG00000173227",
        "entrez_id": "91683",
        "hgnc_id": "HGNC:18381",
        "hgnc_name": "synaptotagmin 12",
        "hgnc_symbol": "SYT12",
        "hgnc_synonyms": [
          "SRG1"
        ],
        "user_input_genelist": [
          "SYT12"
        ]
      }
    ]
  },
  {
    "user_input_genelist": "SYT7",
    "idmap": [
      {
        "ensembl_id": "ENSG00000011347",
        "entrez_id": "9066",
        "hgnc_id": "HGNC:11514",
        "hgnc_name": "synaptotagmin 7",
        "hgnc_symbol": "SYT7",
        "hgnc_synonyms": [
          "IPCA-7",
          "SYT-VII",
          "MGC150517",
          "PCANAP7"
        ],
        "user_input_genelist": [
          "SYT7"
        ]
      }
    ]
  },
  {
    "user_input_genelist": "SZT2",
    "idmap": []
  },
  {
    "user_input_genelist": "TMEM240",
    "idmap": []
  },
  {
    "user_input_genelist": "TRAPPC12",
    "idmap": []
  },
  {
    "user_input_genelist": "TRAPPC9",
    "idmap": []
  },
  {
    "user_input_genelist": "TRPV1",
    "idmap": []
  },
  {
    "user_input_genelist": "TUSC3",
    "idmap": []
  },
  {
    "user_input_genelist": "UBE4A",
    "idmap": []
  },
  {
    "user_input_genelist": "UGDH",
    "idmap": []
  },
  {
    "user_input_genelist": "UNC13A",
    "idmap": [
      {
        "ensembl_id": "ENSG00000130477",
        "entrez_id": "23025",
        "hgnc_id": "HGNC:23150",
        "hgnc_name": "unc-13 homolog A",
        "hgnc_symbol": "UNC13A",
        "hgnc_synonyms": [
          "KIAA1032",
          "MUNC13-1"
        ],
        "user_input_genelist": [
          "UNC13A"
        ]
      }
    ]
  },
  {
    "user_input_genelist": "UNC13C",
    "idmap": [
      {
        "ensembl_id": "ENSG00000137766",
        "entrez_id": "440279",
        "hgnc_id": "HGNC:23149",
        "hgnc_name": "unc-13 homolog C",
        "hgnc_symbol": "UNC13C",
        "hgnc_synonyms": [
          "MUNC13-3",
          "DKFZP547H074"
        ],
        "user_input_genelist": [
          "UNC13C"
        ]
      }
    ]
  },
  {
    "user_input_genelist": "UPB1",
    "idmap": []
  },
  {
    "user_input_genelist": "ZC4H2",
    "idmap": []
  }
]